<?xml version="1.0" encoding="UTF-8"?>
<project-private xmlns="http://www.netbeans.org/ns/project-private/1">
    <editor-bookmarks xmlns="http://www.netbeans.org/ns/editor-bookmarks/2" lastBookmarkId="0"/>
    <open-files xmlns="http://www.netbeans.org/ns/projectui-open-files/2">
        <group>
            <file>file:/C:/Users/OSATO/Documents/NetBeansProjects/CA%20Project/src/ca/project/LoginPage.java</file>
            <file>file:/C:/Users/OSATO/Documents/NetBeansProjects/CA%20Project/src/ca/project/CBTParameters.java</file>
            <file>file:/C:/Users/OSATO/Documents/NetBeansProjects/CA%20Project/src/ca/project/StudentPage.java</file>
            <file>file:/C:/Users/OSATO/Documents/NetBeansProjects/CA%20Project/src/ca/project/HomePageforStudents.java</file>
            <file>file:/C:/Users/OSATO/Documents/NetBeansProjects/CA%20Project/src/ca/project/CBTInitiatorFormat.java</file>
            <file>file:/C:/Users/OSATO/Documents/NetBeansProjects/CA%20Project/src/ca/project/CBT.java</file>
            <file>file:/C:/Users/OSATO/Documents/NetBeansProjects/CA%20Project/src/ca/project/Admin.java</file>
            <file>file:/C:/Users/OSATO/Documents/NetBeansProjects/CA%20Project/src/ca/project/CBTEST.java</file>
            <file>file:/C:/Users/OSATO/Documents/NetBeansProjects/CA%20Project/src/ca/project/LecturerRegistration.java</file>
            <file>file:/C:/Users/OSATO/Documents/NetBeansProjects/CA%20Project/src/ca/project/CAProject.java</file>
        </group>
    </open-files>
</project-private>
