<?xml version="1.0" encoding="UTF-8"?>
<project-private xmlns="http://www.netbeans.org/ns/project-private/1">
    <editor-bookmarks xmlns="http://www.netbeans.org/ns/editor-bookmarks/2" lastBookmarkId="0"/>
    <open-files xmlns="http://www.netbeans.org/ns/projectui-open-files/2">
        <group>
            <file>file:/C:/Users/OSATO/Documents/NetBeansProjects/exam/src/exam/Cashier.java</file>
            <file>file:/C:/Users/OSATO/Documents/NetBeansProjects/exam/src/exam/ITAdmin.java</file>
            <file>file:/C:/Users/OSATO/Documents/NetBeansProjects/exam/src/exam/InventoryManager.java</file>
            <file>file:/C:/Users/OSATO/Documents/NetBeansProjects/exam/src/exam/SalesManager.java</file>
            <file>file:/C:/Users/OSATO/Documents/NetBeansProjects/exam/src/exam/Webcam.java</file>
            <file>file:/C:/Users/OSATO/Documents/NetBeansProjects/exam/src/exam/Exam.java</file>
            <file>file:/C:/Users/OSATO/Documents/NetBeansProjects/exam/src/exam/Registration.java</file>
            <file>file:/C:/Users/OSATO/Documents/NetBeansProjects/exam/src/exam/LoginPage.java</file>
        </group>
    </open-files>
</project-private>
